[
    {
        "order_id": 1,
        "order_time": 7,
        "type": "latte"
    },
    {
        "order_id": 2,
        "order_time": 7,
        "type": "affogato"
    },
    {
        "order_id": 3,
        "order_time": 8,
        "type": "latte"
    },
    {
        "order_id": 4,
        "order_time": 8,
        "type": "affogato"
    },
    {
        "order_id": 5,
        "order_time": 9,
        "type": "affogato"
    },
    {
        "order_id": 6,
        "order_time": 10,
        "type": "tea"
    },
    {
        "order_id": 7,
        "order_time": 10,
        "type": "tea"
    },
    {
        "order_id": 8,
        "order_time": 11,
        "type": "affogato"
    },
    {
        "order_id": 9,
        "order_time": 11,
        "type": "latte"
    },
    {
        "order_id": 10,
        "order_time": 15,
        "type": "latte"
    },
    {
        "order_id": 11,
        "order_time": 17,
        "type": "tea"
    },
    {
        "order_id": 12,
        "order_time": 21,
        "type": "tea"
    },
    {
        "order_id": 13,
        "order_time": 22,
        "type": "latte"
    },
    {
        "order_id": 14,
        "order_time": 28,
        "type": "affogato"
    },
    {
        "order_id": 15,
        "order_time": 30,
        "type": "affogato"
    },
    {
        "order_id": 16,
        "order_time": 33,
        "type": "latte"
    },
    {
        "order_id": 17,
        "order_time": 34,
        "type": "latte"
    },
    {
        "order_id": 18,
        "order_time": 36,
        "type": "affogato"
    },
    {
        "order_id": 19,
        "order_time": 38,
        "type": "affogato"
    },
    {
        "order_id": 20,
        "order_time": 39,
        "type": "affogato"
    },
    {
        "order_id": 21,
        "order_time": 43,
        "type": "affogato"
    },
    {
        "order_id": 22,
        "order_time": 44,
        "type": "latte"
    },
    {
        "order_id": 23,
        "order_time": 45,
        "type": "tea"
    },
    {
        "order_id": 24,
        "order_time": 49,
        "type": "tea"
    },
    {
        "order_id": 25,
        "order_time": 50,
        "type": "latte"
    },
    {
        "order_id": 26,
        "order_time": 65,
        "type": "latte"
    },
    {
        "order_id": 27,
        "order_time": 66,
        "type": "latte"
    },
    {
        "order_id": 28,
        "order_time": 67,
        "type": "tea"
    },
    {
        "order_id": 29,
        "order_time": 67,
        "type": "affogato"
    },
    {
        "order_id": 30,
        "order_time": 68,
        "type": "tea"
    },
    {
        "order_id": 31,
        "order_time": 70,
        "type": "tea"
    },
    {
        "order_id": 32,
        "order_time": 76,
        "type": "latte"
    },
    {
        "order_id": 33,
        "order_time": 77,
        "type": "affogato"
    },
    {
        "order_id": 34,
        "order_time": 78,
        "type": "affogato"
    },
    {
        "order_id": 35,
        "order_time": 81,
        "type": "affogato"
    },
    {
        "order_id": 36,
        "order_time": 84,
        "type": "latte"
    },
    {
        "order_id": 37,
        "order_time": 84,
        "type": "affogato"
    },
    {
        "order_id": 38,
        "order_time": 86,
        "type": "affogato"
    },
    {
        "order_id": 39,
        "order_time": 87,
        "type": "tea"
    },
    {
        "order_id": 40,
        "order_time": 88,
        "type": "tea"
    },
    {
        "order_id": 41,
        "order_time": 88,
        "type": "affogato"
    },
    {
        "order_id": 42,
        "order_time": 90,
        "type": "tea"
    },
    {
        "order_id": 43,
        "order_time": 91,
        "type": "latte"
    },
    {
        "order_id": 44,
        "order_time": 92,
        "type": "latte"
    },
    {
        "order_id": 45,
        "order_time": 94,
        "type": "tea"
    },
    {
        "order_id": 46,
        "order_time": 96,
        "type": "tea"
    },
    {
        "order_id": 47,
        "order_time": 98,
        "type": "tea"
    }
]