[
   {
      "barista_id": 1,
      "start_time": 7,
      "order_id": 1
   },
   {
      "barista_id": 2,
      "start_time": 7,
      "order_id": 2
   },
   {
      "barista_id": 1,
      "start_time": 11,
      "order_id": 3
   },
   {
      "barista_id": 2,
      "start_time": 14,
      "order_id": 9
   },
   {
      "barista_id": 1,
      "start_time": 15,
      "order_id": 10
   },
   {
      "barista_id": 2,
      "start_time": 18,
      "order_id": 4
   },
   {
      "barista_id": 1,
      "start_time": 19,
      "order_id": 5
   },
   {
      "barista_id": 2,
      "start_time": 25,
      "order_id": 13
   },
   {
      "barista_id": 1,
      "start_time": 26,
      "order_id": 8
   },
   {
      "barista_id": 2,
      "start_time": 29,
      "order_id": 14
   },
   {
      "barista_id": 1,
      "start_time": 33,
      "order_id": 16
   },
   {
      "barista_id": 2,
      "start_time": 36,
      "order_id": 17
   },
   {
      "barista_id": 1,
      "start_time": 37,
      "order_id": 15
   },
   {
      "barista_id": 2,
      "start_time": 40,
      "order_id": 18
   },
   {
      "barista_id": 1,
      "start_time": 44,
      "order_id": 22
   },
   {
      "barista_id": 2,
      "start_time": 47,
      "order_id": 19
   },
   {
      "barista_id": 1,
      "start_time": 48,
      "order_id": 20
   },
   {
      "barista_id": 2,
      "start_time": 54,
      "order_id": 25
   },
   {
      "barista_id": 1,
      "start_time": 55,
      "order_id": 21
   },
   {
      "barista_id": 2,
      "start_time": 58,
      "order_id": 6
   },
   {
      "barista_id": 2,
      "start_time": 61,
      "order_id": 7
   },
   {
      "barista_id": 1,
      "start_time": 62,
      "order_id": 11
   },
   {
      "barista_id": 2,
      "start_time": 64,
      "order_id": 12
   },
   {
      "barista_id": 1,
      "start_time": 65,
      "order_id": 26
   },
   {
      "barista_id": 2,
      "start_time": 67,
      "order_id": 27
   },
   {
      "barista_id": 1,
      "start_time": 69,
      "order_id": 29
   },
   {
      "barista_id": 2,
      "start_time": 71,
      "order_id": 23
   },
   {
      "barista_id": 2,
      "start_time": 74,
      "order_id": 24
   },
   {
      "barista_id": 1,
      "start_time": 76,
      "order_id": 32
   },
   {
      "barista_id": 2,
      "start_time": 77,
      "order_id": 33
   },
   {
      "barista_id": 1,
      "start_time": 80,
      "order_id": 34
   },
   {
      "barista_id": 2,
      "start_time": 84,
      "order_id": 36
   },
   {
      "barista_id": 1,
      "start_time": 87,
      "order_id": 35
   },
   {
      "barista_id": 2,
      "start_time": 88,
      "order_id": 37
   },
   {
      "barista_id": 1,
      "start_time": 94,
      "order_id": 43
   },
   {
      "barista_id": 2,
      "start_time": 95,
      "order_id": 44
   },
   {
      "barista_id": 1,
      "start_time": 98,
      "order_id": 38
   },
   {
      "barista_id": 2,
      "start_time": 99,
      "order_id": 41
   }
]